User ID,Username,Colour Roles,Message Count
1296579661387792476,flea135791,"Green, Yellow, Blue, Orange, Red, Plurple, White, Bronzer",18617
1321737599202889782,sphere_degree151,None,3380
691591389569482775,flycatch3r,None,4582
1207717183199649934,zlx0.,None,3656
965066070014709800,lzabrickl,None,26643
1191135236910747760,farew2,None,116
1006667240252391494,joelx.off,None,303
1164230762149724180,mynameisbrickwall.,Blue,9270
1255901175132327971,pausian5,None,21618
795007155102810113,ctzaire,None,12944
969484336418127872,1st_taliban,None,5430
692150376337637378,orange_ix,Orange,6942
456226577798135808,Deleted User#0000,None,103180
771324459251793950,misielo,None,3095
542100848009019412,iamchilling,None,2413
793303228233940992,tuxqux,None,7528
1127326914810499164,retrogamer1175,None,379
1191030269558411264,tnt_877_51861,None,194
1222030092578984010,random_cucumbers,None,2
676253408142819338,burgbug,None,5319
790214740197769226,john_ample,None,11231
1307923691887136819,procrastination____57327,None,2080
764794160619192361,greatfinland,None,1160
822175598855979049,.xudia,None,19451
731097608411545651,monder_678,Yellow,44493
989163801733656587,cosmosive,None,63370
639577733550047281,floortileeater,Black,32350
663872373161984000,jvf8,None,29619
714286636262752317,dan0101_,None,284
1120472747999494164,theendermans,None,2639
710934261556969487,abf109,None,11333
681049691407777804,robot_geant,None,964
1126255880330023145,lalyyestranha,None,8
707522266812121133,jashon33,None,13677
1284486897997185045,comm0n_1,None,21057
888433986358087711,majeeddagoat,None,8532
766108830870142987,revnaut,None,2644
1079562789091287070,governador5538,None,6413
584650971985215488,localidiot1171,None,299
511937176582225922,buk.buk,None,8822
903491156741066804,darkdwarve,None,2963
1111060313425580062,pizza_572,None,7973
1256482677478133763,sum_ting_wong9,None,7007
770824804676010004,kayk_4,None,4076
1070556786681184396,diosdelflow,None,323
752220457692037200,elpepe8949,None,342
1129870202029473942,infernal.51,Blue,2448
348909584431185920,kb6242,None,732
1090496344340307980,similachu,None,800
529260352777617420,taintedwaste,None,661
1019365466172571708,hrgy000,None,580
655981446258884609,nyxcette,None,8
688315875765649430,thunder_695,None,6773
1198976954523713608,cqarrot,None,54
1225911811447062541,yordi_descuido,None,2009
1148637833112866937,jaguar2003,None,2823
1065587798104617011,faris_451,None,5801
1312240679509819414,nico_9511,None,364
1279919448039358466,xoberherr,None,356
1185438576918409237,allegro_ed_simplice,None,1451
737749295695921284,kalcios,None,50
1275169382271811594,sgt.dope,None,38
1202382460118388746,swisscheesse,None,13002
1219999190525149185,emperorsaumya13_30532,None,36
1062517854806749226,risen.i,Blue,12291
196454727356121088,_cyk,None,3419
820523188101447700,vlcmediaplayer.,None,90
1176169127061237760,topardex_gam,None,5867
1191567377880592456,iintelcore,None,100
994471429737295903,djkolyo,None,2
1000093853006712933,lemisak,None,2027
1196837314064822333,kudydjidu,None,16670
1016353921037508719,74wf,Blue,21352
505853089350156288,fiendisq,Homo,7584
896347868615548939,catalin0414,None,7829
695984681878814800,raviiiajieee,None,16
456605783619141633,kemelo996,None,1389
756268481464369233,ninjattcgu11u.r.s.s,None,1302
932451992998121483,shoopdawoop12314,None,13082
738517733322391635,1joey1.,None,2813
697603084565872730,slurzl,None,70
1227115058455248977,halinawaltz.,None,8
1275797174709518417,cocacolalover11,None,1255
824363018024386562,dumbosfacade,None,525
556736172450250763,brr0dy,None,12390
1324465335692296294,janinx_x,None,2
790975721467150336,yoink7360,None,24
985653127409713152,somerandompole,None,47
511877452218236928,abraham2,None,7907
1126609679955537921,electro_27,None,21075
832870995584090113,karmakun2ms,None,7354
914781210209845270,michael_0ceanic,None,15928
377205300564066304,etherian404,None,2974
808813113041747988,vicen_te0.1,None,416
690491306870308885,thermos6978,None,12
813691475295862815,mikvandon100,None,1102
1163300834717745344,vecna_newacc,None,72
1007289848920555722,led_monke,None,3729
682761286395756576,franko1095,None,2306
748288047602204845,jesus_raccoon,None,1303
1081778851560050728,trackking1,None,383
949418992051814442,sakamii_.,None,362
721428892681895976,lokibeeper,None,3288
987828322794897488,xxzvezda,None,51
919315422396956731,caillouxcailloux,None,39
812552762213531658,ultramarinum,None,24
388493173409710082,milkytheraccoon,None,164
453207521373585408,pidgey7655,None,34
1165645066388389901,soliplism.,Yellow,9826
1188923498870087713,da1dograider,None,15
974266860461776926,ahf1111,None,735
1077134162298949662,trw_hunter,None,32
1243174112411517001,fairlydisturbedonion,None,22
903936815717818389,bomboabob,None,9654
1083179855836872818,nose987651234,None,54
1086450530777313351,jav_252,None,182
1045735618052902983,_.kyanite,None,47
703803634034409545,martu_755,None,592
819588080225878046,noarrrs,None,2681
1211788873458257923,applesaregood9.99,None,2090
1302169113484853308,bruhsealand_3iloveflip_09154,None,30
1224191442872828004,theofficialprotector2,None,27989
1140492890733281322,thoshydo,None,4212
1014962921597567076,joppe183,None,1660
1092136534855143495,phantomxv52,None,11489
698606819521855550,jerxvo,None,4248
1257835785298907258,goated_jja,None,10008
943172957348433940,cururumaths,None,12279
765340401916968971,no_metal18,None,133
1246756310620311597,eye_falcon12,None,96
1031605206485577748,redlightextremerhardcore,None,108
774867436020695060,noobdealer,None,921
1156367006262624367,littlebuttbob,None,8451
864901536144424992,hello34_48,None,12
1019775359559929928,majortactics,None,66
805944123500003329,plumsu,None,928
781217391069233172,flankorin,None,47
845344150290169857,theo25,None,539
1087802554613760001,alien_nigga,None,1562
749627487171903568,eggmcmuffin1198,None,55
1325542429041885335,comfygray,Black,6749
983041035145969664,kioofcl,None,686
907400418722738216,stothegreat,None,34
872751731388342272,wisemythictree,None,8043
1178666809428291644,_te_mu_,None,7791
261312727258103808,curtimongous,None,42
685286050683158538,london_night,None,1993
1232959852360499303,chato_11,None,116
757761563116568692,lelouch_76,None,488
736410393345523803,gleenone,None,997
1318690175479578746,y2eezo,Blue,14724
830485773618249769,churras_fumasa,None,1570
507319669078753290,andromeda5128,None,70
1290087696039149736,colosso_vermelho,None,11
761226716466642944,monke0695,None,152
1264398489014501446,elijahtheduckling,None,116
501144710124142614,flying.fry,None,1936
1207020901162553385,scoutmasha,None,4667
476761393677336596,dragonvenom360,None,90
966773596406026241,arianagasaki,None,74
1234298372278452325,manentii_16,None,1225
536291764328202260,synderz,None,24
1056803795880902736,anew4751,None,6
823221426693210144,haydiew,None,1729
849269911007002635,comrade_atomov,None,366
1007800019820216351,bloomingcloud,None,12
1086022992334684190,idkfigureitoutlater,None,974
1124206962238828587,loomfypoo,None,344
1075644410127188008,katze8222,None,4002
978758601604755467,mrpsgrains,None,4
1235683991793700945,wf74,Red,2119
1271703848440041515,shook.123,None,66
1092548570948849777,toast35_,None,1106
1104331814539104336,duolingo5748,None,3019
1134186759828275200,tashon701,None,26252
717249292024152105,zenknighte,None,84
561007351952310296,v00d00mag1c,None,1133
961414109805568120,danillo1_,None,214
1309656668484800512,18wheeltruckdriver,None,6
1151669820031500358,helvatia,None,24
800907554469052467,mr.franca,None,264
760840820642414592,ironshade12,None,397
972250248644788275,bordon3249,None,287
846688935824195613,ikkej_666,None,1032
723998492942532688,zulichet,None,1219
1221375222859698209,revali676,None,13
1328067249684222098,thewhiteelegion,None,1127
1279030452400816252,pol_480,None,568
1008841651705364491,serhumano9999,None,152
1286881919879086170,darlanyghot,None,4
832664716400787466,0.0.0101,None,4
904009888974405693,patootle_noodle,None,907
790810309983862855,stenmk3,None,123
1125791001064255489,kaaan__,None,520
1218118489496227863,krzhizhanovsky,None,24
1176983812459204781,majeedfr,None,624
1328618009643716660,manelo06.,None,1028
598570113662320692,nou897,None,17
1298348409383551012,theprimeeeeeeeeeeee,None,76
1030964110009053284,_langed_,None,210
1205634657568424047,iformula1,None,211
1124874389784113192,napoleonlover978,None,90
1329891304649396288,j_ak_ob_,None,98
1329885274318049282,legionwhitethe,None,104
970838697421447178,amerebeargotrevived,Yellow,11190
1177284456600576126,vlad4272975209,None,903
1176727802209374279,qwunty,None,2
748280880463609916,mrtukito,None,616
1313017306821038094,thecrimeanwar,None,444
1204675880736129074,theone_whoasked.,None,38
922164447349456996,vkdo_1,None,99
833868942140637194,kolinski_1982,None,10
853267919017607198,sheqen,None,8
1232296907645124668,the_ashen_crusader,None,3546
853246015486558258,kaxio_,None,10
985335556659609620,parragoo,None,126
427221490648219658,inferno1023,None,2
1237071374971961435,iamthecreatureoftheknight,None,870
809023547930181653,forcetimer71,None,473
1222417578853404785,otach.32,None,127
936949071824953384,doudperfectcom,None,142
1320738917368201217,rocky076108,None,5
1269308875601871051,jamsonprince,None,2909
1103336350633169026,bettercallt34,None,12
1157122207705731093,vidamaldita22,None,2161
1068614018467635240,hyze_times.,None,135
1056318347068850256,sharkghosts2773,None,890
1257212602715734036,finchplayzyt,None,231
422170553953026048,alwaystoasty,None,31
1151985175757062156,george.sc,None,302
1262679267511242823,softclare,None,160
822228038691455007,jordanbelfort7802,None,30
844623153312301059,flowee1,None,46
978065611248767027,rae_the_pinetree,None,30
346835561031401473,dawkins_,None,20
717506671399796748,max_20974,None,285
1322523766395502592,homeless_lord1,None,254
1236442905896554516,chess22b,None,671
967273853367771168,mooseno.2,None,20
703059870865293332,thecircleofknife49,None,48
1094388712059703396,lil_ortego,None,687
1074512414390894683,ilikemen_yummy,None,4
1236684081216098404,fidthing,None,2
1254443229710127189,holtify,None,8
754745011169394689,__tar__,None,96
336602857769926666,strawberrynomer,None,988
709893787220181024,lefty9512,"Green, Yellow",11909
665564322445000714,minskybrisky,None,2210
1039591783983759490,jj_yhr,None,7
984954494414635009,apelhaum,None,1040
1016740783027671151,imperial_federation_of_r,None,2
906307373537308703,rediscool._,None,299
718252252896428092,zazaskeo,None,1493
1273758735738732626,quackenxnator,None,241
1165297076079435886,hectar1000kills,None,68
890860025084518420,giga_.4569,None,92
1012191198456336385,lordofthebirds,None,69
738540066573516832,justzim,None,240
1333163142683033764,twlf1nlandtwlwarrior1,None,542
589598621436215296,.fenithent_,None,2419
1180257878993547365,scrump0584,None,604
555069493735325700,itsme4353,None,34
1138701846932889661,thecryptt,None,19
1334221269901639751,lord_noraus,None,50
857967008495042560,arthurgowens,None,66
672573312697892886,anchluss.v,None,9
1126766444693168138,jum_anji3,None,1158
754372506042761247,avare0000,None,77
952656369511706714,raccio.,None,105
1234101244172435529,rafig1092,None,80
1312802566605766671,axel063661,None,204
1320097617501491252,fahur2.0,None,64
838567846933954600,sulista_com_calor,None,100
745539717902368769,dedospuntos.,None,695
1277890989327122433,mrlaosaicheetahman.,None,4
1305914089104478285,fassi20_70658,None,10
395274858382098463,kubys_,None,479
1127131403830698025,helenasmith2004,None,5
1291633457105207359,siyogamer23,None,7
1111996375245262848,gentlecat3696,None,6
781938611355516969,peterhit,None,18
943974262090399796,mrhappy0602,None,22
1331500663066066977,ghost_1234697,"Green, Yellow, Blue, Orange, Red",533
870693088203517983,bue7332,None,45
1305114496049614899,pureriz,None,204
442130209442103296,diego1071,None,10
985883054130233394,rjapacc,None,32
786237521783685140,yang_kemin,None,2214
492992682616946688,plazan_,None,1700
1335702183399657474,twlazovtwl,None,723
1140377405597425785,hans_solo44,None,100
1188131566828912721,krabstoic,None,704
1172186864229306378,1thinking_,None,2365
1336169020222869616,legofred_,None,12
823255675643363369,pilzpasta,None,2
656929866133929986,avela08,None,49
1295486848466026557,legendaromek,None,26
1336741800668561471,3rdassualttwl,None,156
1326649608306167809,superninja1111,None,59
876956348737261638,hyperlinkbloocked,None,48
1267045576319696977,octabloxyt.,None,23
826530408606335017,delescendant,None,56
691449202710020188,michilis,None,82
1200812834691489976,careca_da_shoppe01,None,135
1337626014574055464,skibsib5s,None,94
856240571572420638,toolazy2587,None,193
1238529799849508874,xb3n0,None,427
1336034658403483688,frenchmaze,None,539
725763364801740861,2010hondacivic_,None,164
841093919461605418,brendon3045,None,434
928224943253110815,frogger6221,Green,3038
712296480756465744,nerfpro2007,None,340
1247402581207154802,stiven_lara,None,314
1338332290488471634,finskatwl,None,576
1338346550010576947,twlconsultant,None,192
758768167308230726,blueknight9842,None,118
769349184393576448,rhsfan112,None,367
1194880189117759488,hackyslash666,None,6
1117543663355035718,smileymaan,Blue,9411
1339135077074075709,twlcorrespondant,None,97
1230256969848459354,eternity1x9,None,18
1331776697200021566,soldeyes01,None,160
829286990515929110,quinton_hr,None,13
1036667402655641630,da_real_smoking_peashooter,None,264
1201623958785630290,speciality811,None,927
1100185918930952282,pank4s,None,12
1144774850540478587,w4lk3r_12,None,75
1235304620234903715,dhesl3n,None,106
1106856384923967498,juanster.1,None,1448
1185848861483348028,victormentecapto,None,343
917834451608830003,xort1646,None,431
677625965161218070,dogthatbreathes8927,None,23
763479781035212801,mythicalwinters,None,58
1099717554068537435,raz_431,None,2
1228736299041689681,an_marcosbr,None,2
1046173730692411565,larproyale,None,3158
1236470464302547054,goji_egoista,None,94
1266065880165650502,falloun15,None,24
1212152433346879540,lovelybastard7227,None,2
441331565897711636,nicolasqbc,None,88
1012893007864938506,dontblinkorstare_,None,242
1314683130879279181,dr60nkeyt0es,None,2
790740353972043817,flockspud10.6,None,11
1117550941634306230,akirakk.,None,6
1340420779044765706,lordoffinlandiatwl,None,336
1235593491917045773,darkiishemperor,None,512
1001919377408532481,broh4248,None,54
813108137099526174,_jorgear06,None,594
411412361526902786,supastishn,None,414
504317350464585728,memoge,None,2
815626876794044458,quackityquackquack123_sui,None,2
1170055145288118322,hitori_the_engineer,None,124
1313242481130864770,prekakaldrma,None,48
1322546959629946982,ligggs_16870,None,515
903427514607742976,conquilus,Green,8917
1056481649749135430,chunkers_.,None,19
1153589540657827851,burovin,None,4
1064195584262672515,patrickpoetry,None,22
501913091735289877,re.used,None,240
1341602416847491143,elpapu7770277,None,2
894297743584030761,_.maaze,"Green, Red",930
432025763785736213,raconh,None,11
661357191697006612,toxictyler12,None,69
618814978975072268,venan.,None,879
1277037237292367997,riversteady,None,802
1114605904193654864,preexpah,None,979
1307125188390949037,aqua_azure12,None,175
811880947933904916,lokthegreat_280408,None,24
689653443517743163,nachotalarga.a,None,5733
1203409341944692746,v0rtexbl00m,None,129
1322621344260558923,who_is_notdave,None,22
632492892753100800,gamer58,None,255
1325915150376636430,shokoaaa,None,7197
1133566693201936434,newcrimison,None,134
1209192414946922540,leviathan0213,None,2
959809374442885142,alpha0427,None,16
928235936800714783,kizuatooo,None,408
376852065311391745,tacolens,None,2
908484341519237150,yourlocalmaus,None,10
1343728310617772113,randomm_dudd,Yellow,8851
716673639659077764,marble_lkk,None,4
1096439594280566915,.raftking.,None,2650
809491274662674484,justmarshall,None,44
922244985393397760,sergenfederatia.ro,None,6
1325797540469280919,mrpripyat847,None,549
828127497777971211,.neozar,None,631
741795298770157681,zukizzzd,None,6141
825909675131142174,itzjustme12,None,66
1175575127736459408,juliosupergordo2023,None,200
1343298545477877780,bananaboy0344,None,188
579616030863785995,gabbiwcraft25,None,2
678992527864496129,avietnamman,None,4
1141913432791199855,thecelestial_moon,None,6
1065319016555622451,elsarvmilanesa,None,228
644723490552938497,themichelinman.,None,108
1234019844513464321,michaeldwade,None,21
1261942544619798602,jaden6242.,"Blue, KB False",12396
1074309708862738494,gustavonhxc,None,20
1153389274096484444,ellenirel.,None,125
943645931893588008,purr___.,None,26
692890102942138370,captainchoco.,None,11
1320530794912940124,mezirir,None,3
390988792301092864,vulpis_rex,None,1225
1266874585899335760,felipe_nugget45,None,38
1253898697088041057,falconxudoo,None,641
611624680473755659,itskonig,None,212
761945175047536651,guillerevolucionario,None,486
1072301273518456906,negro853,None,290
1287104723744460873,buhmiru,None,8
414877432722620417,nishuke,None,14
765212438470721536,mixlol255,None,20
852693097695019038,springle61879,None,46
740603524018208808,_lordpsycho,None,22
1339386499958968360,poneis0743,None,6
1143565490887868416,manuelinprogamer,None,8
1293812489405988946,dr__d11,None,36
1175285016557797399,dazefus,None,907
718714633309126668,pzwr,None,941
652081727761809417,jaxent,None,8
1206175979140292680,meowtsudon,None,252
1195163215982776410,deolema,None,6
1103949132097409024,duckboi111,None,276
1150957448513998858,whenisthewhereanswhy,None,2
1176279945236971600,deletedaccount1893._,None,78
462006384574201866,mr_nugget1010,None,2
1007157046619152415,heresmine,None,262
1239330085958455442,hms_javelin_,None,4
869954078598393856,noobgamer109909,None,10
1255944079754133575,erenzy0854,None,2
701839701069398107,pivot_world,None,20
1175888454702354446,rad213,None,44
1237625218776829962,pizza_09412,None,357
698929937247371265,choruku,None,7
1343250064230846497,purpleaipom,None,41686
1346442052614750260,emily_the_medic,None,73
1206057706314534933,mystix_78,None,39
1251999420279689359,blueisagi_7,None,6
304356396953108501,bimboolzoo,None,178
1350173180836315337,mandyju14,None,79
1296570779391099011,legingerman,None,52
1347953033149026334,comradebreznev,None,6
1239001869179686933,davthrax_,None,65
1265607492092821557,5_sugus_5,None,71
1021491860407058462,secretly_bongz,None,3712
940296775011557396,_devblox_,None,10
1350867054919421972,london__night,None,9
186754566870532096,glebary,None,86
1340869723977678911,goodytwoshoes2,None,16
1118244857597661275,artyfier_the_one_and_only,None,608
1319369371499368460,tashon956,None,943
1256990678219493479,darl0900,None,34
816664204265652265,kaito_xde,None,79
614831519550144515,v1bq,None,29
891518709158539364,aseer09.,None,153
1222593945071124661,oops656,None,18
959819515204608052,hab1b1_adam,None,96
1243582620487520270,starion1920,None,21
796381162469064714,traggon,None,131
1198662116333326377,solis.shu,None,393
1134938452144689252,wreckedmy,None,671
1350936739740389456,twl_pedophiles_bad,None,175
756235751091339494,xcalantha,None,92
1170922073326092379,4steven4,None,112
1043485833275113483,alph3us13,None,62
700530773421326336,stereotypicalblue,Yellow,2867
1180729153859883080,lucoto_,None,4
696191661084115035,philipforwhat,None,20
1281584987828654143,pang_jia_chen,None,4
841760683938414622,davout4,None,26
1258102503501729871,thekillercatreborn3,None,67
1259902862859829279,ludo4real,None,8
913572417555824660,astrocn,None,14
326098752576421898,aenguscupid,None,2
1004260219058131024,just_a_random_idiot,None,4
885894357805330494,pasamees,None,35
1349846949138010112,.enadog,None,122
932306959246446672,alpaka22,None,347
768770356491845643,xdmarmor,None,58
1266802905810337934,barombence23_aipom,None,37
1147799068458889297,autisticpigeon1_78425,None,13
342271870504009739,salablealloy525,None,115
664182463924404243,deadf1ame,None,152
1095446176821686434,gladiardinista,None,11
290187887365062657,garvi3lloken,None,58
482624498927927312,trophyhunter03,None,2
1203728592761135105,whyrumbling_93271,None,655
1172231219560316958,thenotoriouslarryt,None,396
1354339249499017357,uncondemn,None,176
1145337098015084555,123sigma___,None,14
1163934613727629362,adorable_wolf_72516,None,12
1355451408786391063,hiyeshellobro_0,Yellow,11005
776513492240695309,yubby360,None,7
1346515957774024714,shinnkkj,None,129
592762214922977302,xxbonxx,None,48
966369506161197066,bucktardwater,None,238
290094488020451329,rinnaide,None,31
1152853994151104524,helloguys2010,None,1
1326775318320644148,sctzna_1,None,414
1356013027853598860,theofficial3428,None,8994
871277498128814101,mr.brodley_123,None,1
1299102409158823967,indra900,Blue,7028
1242592587014078599,neonveli1307,None,8
1325766648359292938,the_real_mikvandon100,None,14
1338326134143586337,thesigmawhitelegionarie_58686,None,479
1332051499194257429,davi060418,None,291
1183094864590671893,f_abricc,None,5
1060011631788179467,kiwiberry9,None,1
1185104579692605455,co_co_rico,None,4
617920845251084298,christiankaarl,None,9
1195118291279151235,jayz0517,None,22
758557476563320834,cqld_,Red,1911
1100488725768716298,fransjansson,None,220
1356687648919388243,ruhrpenchantdiorama,None,15074
1348550911051694124,emperor_napoleon1234,None,12
830495935724257330,danielobjectgpu,None,2
1221152734447800370,swillpo_,None,9
310940169878503426,colt6.9,None,16
572114952169455626,amsmartrobber25,None,224
705209485333102683,fangthegamer641,None,38
1358110697153761372,newgestalt87,None,6
583397169588076556,solaroid.,None,2
998501142399033355,fe_tq,Yellow,572
1189257079035265044,habibiarz,None,7
1104532626355789875,_tactical_burrito_,None,4
1307566374608044056,univstaru,None,5
383573530387677184,vodka6329,None,6
1350388248068882475,rip_thebabbys123_66713,None,1
1195770424022290574,your_friendly_supreme_leader,None,14
996877590944043028,treetea102,None,26
1304412269177733151,donkeylikemeold,None,15
933023182930186290,stauber10,None,151
1051057131970899968,plutopinkman,None,85
1231405780033474622,teto_pearxddx,None,1670
752696063978373160,lyze__45,None,138
1260283168414629950,donjuancho2003,None,1
1334755251663929406,iamdoghistoryanimation,None,91
1012392367837413386,zackx2266,None,30
1160948303198965860,comm0n_,None,17307
1144361076071354408,airbusandboeingfan_61416,None,149
1249332036297162818,alguem0770,None,128
806317980337438812,froggyneverlord,None,682
786153858795307029,asmayapragi,None,4
1120876495133491310,nihtaf_731,None,1
573628105516777503,themisin,None,466
791980223054741504,lawrence_414,None,332
1178352516547743795,soviet.union.captain,Black,3325
1184585391597178933,uhhhh0640,None,43
822869230071578645,soezforcucu,None,2
840413140138721290,time_time109,None,104
1165912462651052062,dikeay,None,7
1310246845489872917,bubbly_starfish_06560,None,1096
781366349842219049,fulllfish,None,32
800563235103178763,augustleaf,None,21
889624108256620574,astridremanus,None,102
1297390032000127029,jgv9,None,4541
1153323675249037322,cubet_,None,1475
688932520032862248,confused0,None,11
1007640117990662256,pooptower_02,None,2393
1319408287354982432,culinating,None,723
243457875102400513,craigy1975,None,1
1038537671808655452,petar8152,None,2
1349872505002790945,samhydeking,None,15
1342071526110924861,fom4811_49225,None,973
1215804326795284654,kaiser.ssa,None,8
1038278893506924595,urbanlore_,None,2
1060477817814523945,kbuppy,None,27
1360291048294973622,eggj_1,None,7
1364069618297344051,111624pussies,None,127
1352689856832078019,obr100,None,1
796963856785080321,leo776.,None,4
748751714877964342,infernox109256,None,14
1316329877741506603,matthaushetzenauer0417_05521,None,1
1194625835802574891,paxton_mylerbe,None,2
945639232125407262,airbornedemons,None,38
1235591443104665704,ranak6989_68418,None,11
1346930995861131325,maduro2711,None,75
752478151858454588,oakley._.,None,186
1147627053999456336,milkyhimself,None,41
1363142261570797800,bsuc1,None,1687
1365277080262152243,king_death1939,None,6
1302747568333131798,panzerdudexd_15935,None,7
1352961009073262595,boatcuppasareklukai,None,336
651667387166228495,clanker9515,None,52
1365401755399229470,pyroispluto,None,3
1150332552842858536,stiiknie,None,95
948925208289488926,levvvii,None,17
1274612957824684104,hex_vr99,None,19
748156733536338041,mrknoz,None,2
966013517239029770,captunlook,None,2
1086410389643853864,valkito07,None,28
1167002474490626061,m43y.,None,3
1237035716802908292,prckooriginal,None,3
664471247274377257,bigjimmy8704,None,1
1360317139202080888,bucket_head_zombie,None,2925
1135200593070264410,lucien_me,None,146
985843519824474135,cratefc,None,238
632590227017433098,wemakelol,None,2
1066035066054123660,notsmokebee,None,125
1366203942043910155,governador_0,None,2
753386203222376509,.maldus32,None,34
912825984372318208,spectralant,None,51
680503290127056906,_nova33_,None,42
991379683486732431,maus.the.otter,None,22
834876845370376223,unknownpunsheva,None,52
925966701806366761,darky.warky,None,1358
924842099004817438,kalcosin,None,4
1312577545614393367,lennyboii2008,None,8
1188687423429935197,1oregano,None,1
1370210149872046111,_soliplihsm,None,968
1162734265159663717,rexdarockbeesee,None,1
1082062809531170847,tamika2006,None,455
875336074472345611,atakano.,None,100
992438280698208338,theserbnationalist,None,2
1224660244706365591,beslan1109,None,1
1319324434724814848,afriendlyguy1,None,15
686923663068495902,sefardius,None,13
790594364454862938,umairomg,None,3469
1370111903216701511,4steven5,None,223
1343788245368176661,flooortileeater,None,24894
1066073041618079854,fdrboy,None,1
1371692909203558400,mr_redmapletree,None,8
1372041240694231130,justatree0,None,11
1135256834148663407,very_random1234,None,6908
1277984036639346740,dansthegreat1,None,57
1129099582417158289,gustavo094708,None,18
1165701321115062325,j_mrpz_43093,None,35
893617941768200222,zen4505,None,5166
1353175984291188918,reizoyozakura,None,4
705623281083875349,lamehongos_,None,2
680610307000762406,pseudollama,None,20
587999065661505536,protohog,None,9
1108531063413821460,xucti,None,50
1174311267171835904,archdukeofmemes,None,83
727032096828424302,khione_eunice,None,10
1025465848460218481,joeyormston.,None,3
684425084609626113,godis7000,None,1
985488161612386334,rdeweerd,None,44
1375268119836364882,davi060418.,None,873
1355725485664895017,moustache1tc,None,240
1284068918734098446,astorfaa,None,255
1272758840911204484,bex.0715,None,31
715620264066547883,afres,None,18
1114042744927694909,panda956s,None,12028
895035797974175804,normal_canb,None,12
759898389423849524,tapia138,None,2
1030259586181103619,lucho3000.,None,419
1116801161777922058,prmbb,None,9907
1350996062751690832,alvelinokubshek,None,113
1063802058752413786,joao.5.9,None,26
1374538708556185600,time_time109.,None,39
1370349753740689428,foxhunterandkj.1,None,8
1257769304179478585,zab_price,None,3
1377841062311362693,ampleamountsofample,Green,47
1290615545053319211,thecatenthusiast_dave,None,1
963455485778997278,ass_eater420692,None,2
1031886526751199303,clown_0_0_,None,566
1251260747326161001,mr.teddy0330,Blue,3352
1295916662947840011,marxoz_01,None,439
856063077144592384,4oqb,None,10
1130684571747352696,yoits_jayz,None,23
784784826338508880,xjnbbqaq_0193,None,25
717746243211886602,puggy.,None,176
1372752938610462730,dawn003941,None,290
1375265786775474257,walterweiss,None,19392
942029738799665173,robbox_.,None,5
1313652023798927445,soapynuggets,None,2
770357010084003840,_fvs,None,302
718224366097137738,joaolucaszz,None,68
1295468025104957572,weslley02470,None,12
1202430057914703935,lazii.fr,None,142
754188675138715790,slug_z,None,4067
757496008027537440,ample_3000,None,1412
1200872344374222868,brru_0624,None,128
1044878590619172864,haiuserini,None,26
792755328663945246,kalisvic,None,497
1351883381260156941,faster.4531_,None,36
993872788819550290,flavianlegacy,None,12
1379560636664647781,xzlx0x,None,2253
1330548218232049711,comicclam_40363,None,3
855953101937049651,kya_lyly,None,2292
1265079060854472820,lord_phoenix709,None,52
1325384498468356176,indianajoh_39379,None,375
1055667682822852669,xxmechx9a_sweatxx,None,155
1286362224297771018,person08185,None,2
1366956305184723105,phase151,None,695
603910419949813780,vijand,None,188
1264054962560958484,bold.4k,None,76
1334884394078568479,piscapizass_83756,None,5
1371490587085373553,unkownpunsheva,None,100
1223470264529059891,sharkiest_shark,None,14
1327189194375958602,rudy3r,None,20
1208339249204699210,not_realkira,None,107
1259136273767989308,mango_josh_49973,None,82
840256061519953960,parizal,None,50
936275840541532171,tcmore09_,None,17
1381375901236858900,talllles703,None,35
1068141210667065364,mickael3346,None,1
1355838435423944765,fading_away0355,None,1
622849795790340137,dev_thebuilder,None,7
755173304448450681,voidwalker8061,Blue,29763
892441915260280864,misterbarbarian,None,4
955264744544153661,serbnationalistyt,None,672
678283595453956177,karetsin,None,1
1169707352442806302,dude0192,None,1
1091974282973823116,qwerty06618_77701,None,297
1237400029803839528,im_not_nood,None,23
1061275883568115802,i_amtired112,None,1
1352649429928120354,little_sigma35772,None,6
1065349186385621063,donvandino,None,18
1152435434828345404,osmanmahmud,None,3
1364094742115385404,royalrecruit1,None,209
1323833673937846314,the1nonlymeb,None,329
1383117276793929738,theofficer0019,None,3
1245533233127362621,thepinkflowathing,None,1953
738845476899651657,capta1nfordo,None,5
832404186762444850,prussianvalor,None,715
1230490556451389463,kharon7837.,None,2
746930206207639594,side_rr,None,36
842917228802473985,k4mip,None,19
1063334153568911371,maximi4924,None,1
1379747896651546744,realll._,None,2
1079166565729181728,uwukitteneva,None,2168
929838387337252874,arraviz,None,46
1378425784594731121,boeingaircraft.2842,None,52
812805347454091294,rezzy2goated,None,1
699391706113638401,hsuya1,None,4
714731080686501978,sander0468,None,7
925621902762987580,dino_cakkes,None,88
883939624794349609,stearacon,None,5038
1334686076660482058,zueura_guts,None,210
896448430564601876,youdedyo,None,2
1036422545064333332,joao03578,None,20
1081672189528526918,driescoolheid,None,18
706701407402721291,skk_zru,None,8
849093641162850334,yuri_lunatico,None,1
451010404403904522,aquaffinity,None,29
1199576576216543286,redacted_12321,None,20
1035515286679470130,michealafton6166,None,2
1253030579474272329,okoneczek321,None,9
1034200929093820536,ferranx,None,2
805645741430407238,diav3721,None,164
805826703783231509,martin_aubergine,None,2696
1368069937993748521,nachotalargax,None,890
1316967824094400557,49ersforlife999,None,30
835759915673976853,wintuuza1,None,2
1007713051941810286,lordcoolcat0282,None,1
1059441931085676554,quufs,None,172
1077025958369972296,elcapo46prime,None,19
942912723564503090,schizotherat6812,None,2
1123731284171165840,pillin9706,None,4
1287973221123096648,scott_fyrefly,None,41
278204638816108544,ariaki,None,920
1389783577570578504,41_iso,Blue,13044
752548353266417731,ample5000,None,15
987967707888627742,comet5236,None,115
931210906401124353,ieatsteelforbreakfast,None,50
1284104278637678633,hackey0294,None,22
1265410025577254965,colddslushy,None,6
676995867638759444,.stolen.,None,1
743728504373510175,astannaa,None,11
813161885272375306,tsardom_of_bulgaria,None,82
1356986850463449159,stupidlysark,None,45
1328497005294780449,repentvnt,None,65
1390327088875175958,airbusandboeingfan_61415,None,6632
1342153518005620736,kat2457___,None,24
1331643305695641721,dacianist,None,8
847966528716668998,oltenien,None,19
1081376386205356044,chemoenkid,None,191
876286899621359647,ripper_1020x,None,2189
1146565378365984921,kloverthealchemist,None,1
1355940001304674385,maskartgp_51,None,108
943107952024354827,steelreapertse,None,39
1139937007628452041,mohbeder25,None,7
1389303187604901898,crinch234,None,148
1253905204512952323,elpapanats,None,1
850205671885635584,ninodelaalianza,None,15
1074178538527260722,pantofu,None,2
1328016484894511205,gerx2345678,None,4
788278021500698625,funell24,None,1272
1282860502073999393,banana0803.,None,100
1158408675363393648,domi123epic,None,6
945619615579516959,lambdaman_,None,9
1305848705848573977,reigolokescheese,None,52
1287618714346324019,damian085282,None,76
1362171039001477471,firefoxezz,None,48
1392873016882626611,righty0134,None,296
884734624507523122,taiwanesetwo,None,8
996030759439708160,datodzia63,Black,659
594100382230249483,bluedroo,None,4
1374194566122704936,sodadeveloper,None,610
1193629062321684530,tahasxyed,None,22
1016480932674416721,earthybubble495,None,14
1393357140026196059,chickenalfred0_,None,85
1011561942885863465,rl_ii97,None,2218
1262869784341774388,tylerwarr_33976,None,31
1030627268357259304,ashyashenedash,None,3
1221277030285578342,camilo_14.03,None,9
1250786093604012145,spaceexx,None,1
1136344421147869184,ringolennon08_60341,None,36
815273773456162826,vsex.offender,None,117
1300122837691928710,ss.tar.,None,1
1094812601097134100,foxzr1,None,1
1051390765386977290,supercorrectcurrency_,None,1
1353067109688541197,offlimits_34,None,8
1382795546988908644,akari_cstrike,None,80
1133238114320646205,vel_valentine0,None,76
1395365366498332723,teodor_0726,None,2128
703816840496939059,iceicles,None,1
750614144981663774,dwamdtr,None,2730
779925921712046112,reinox._.,None,51
965725113775452170,gamerkrazy,None,36
1361151535106494564,jane.taylor.doe,None,7
501883066839728149,aegis181,None,53
883920821083586570,cosmicgriffin__,None,2189
484656076004786179,heisenburger0822,None,10
1018841490799206420,ambushdevz,None,736
1071580414319284275,prodoraemonfan,None,10
967112009000845312,east_saxons,None,18
515033606247415832,swixon,None,60
613429391598551060,henzo0728,None,4
567957517724942336,austronaut999,None,7
1317333043530170368,iamhumantrust,None,2
1146041298265047080,bobthe_builderman,None,78
923987934724632658,kozdom,None,185
1345453578311045142,cj_aka,None,19
1180908355435372574,gambit_69_21,None,40
959788112526061599,v1rtuallll,None,11
1120319369319292939,rook_10,None,878
1206016881006485544,gibersecret,None,22
1082752488186331197,roll_1,None,3
1223600874669084686,cq9668,None,1
1236588284914958356,zanyx66,None,3
1383953761294090352,robalo123_xd,None,3
1387200713590964235,opalmirror3,None,660
1378131637807743000,fusionforfission235,None,1
1377884211335139338,obsydian7,None,5
1361320228734374039,itzjustajz1,None,49
1037330385085943839,_unchanged__,None,12
1291870350472253511,dominik_78910,None,6
960623078902202458,guusje___,None,94
520888288836583427,christophe_tshiteya,None,11
1398467731099226213,twlfinskaadstwltwl,None,11
1386992929683275827,teapot_goat,None,4
1388771220698169424,gabriel_zp10,None,10
1374515198978818079,gabri_lito0,None,9
1267999958309666858,jorgito102080,None,3
917208451166404739,greenstew272540,None,15
1352476025652641834,joni_sins_16955,None,6
728665315847831635,cardise,None,2
929118465720197120,.auraman78,None,58
907394489977536544,dinox672,None,2
845027660073009212,william_asenuty,None,83
979832770601832529,pluto8087,None,50
1280090771185205254,wise_banana24,None,168
1371953969118711808,absenzd_,None,53
1223221880643780669,allan01082,None,232
1317302405745868871,silentbase0897,None,2
1397137057394200707,shinundercover,None,972
1399473728609452044,karldonitz03,None,754
695998707996426260,ben4uk,None,96
1277526921953017929,kurby4521,None,16
1361049556736938035,shadybabi84,None,49
1344130297272467578,kaklix.,None,340
1346418450829934602,mighty0634,None,285
1274307796409651237,minicoxy1892_62771,None,1
1167243901787176980,erasedpencill,None,12
829574309927452715,theofficial,None,3734
595363376797057045,sha5,None,178
1392845420362858551,piotrboss001_02242,None,52
1393576136763641866,theofficer0430,None,85
1396725059980361770,kickthecan69,None,3
989726194838671430,avioletmemory,None,160
1380130259298418770,anon3883_,None,175
724468429586956401,daniellavcavaliere,None,4501
1150332230514769951,emden_noob,None,2
957171289754329098,marumaru06,None,16
1272255850861432865,energetic_star_60213,None,678
1192951613258747924,cbise.,None,6131
904409786983010324,zdmjr,None,28
1234360240737091597,elmangovon,None,4
1138209560016986203,dv_william,None,30
1214510967975714847,exitele1,None,1
1402640797115088896,lemloi.roi,None,2
1059252440307871854,cmangreen12,None,4
1278447662177194048,pandas1230.,None,215
813820467790086206,el_jonaz08,None,1684
957808430842802176,cattime1309,None,1
1400262276073918677,luna.sky4s,None,13
787764190197973042,aponx,None,21
1112362128393912401,guest9425,None,1
1161753675807592448,ronan.moss.giuffre.99999,None,1
1270517286595203184,notjoelsdcaccount65,None,722
1045400501484802068,zestylog420,None,199
1297236417868468296,marxs_0924_1947,None,1
780433701267177532,reagan0486,None,69
1074617547422441562,thatonepixelized,None,3241
1049557092874326036,la_papaso3211575,None,3
1373343742190157904,itsme_pavii,None,3
1311018414210285578,cheese_guy69,None,1
1405550919332004021,overcookedpastaa,None,3759
1364009407079518360,beluga_cat_whale,None,2
692456446637506640,zen_4505,None,3188
1213478541795262495,sucmybal_11284,None,4
1404972183763157135,fawntdd,None,69
1401954242314502155,blitzkriegenjoyer,None,7
1371042502399889506,justkaizer.,None,589
290505755449098242,mdeas,None,84
958921878263697448,shailalikeschips,None,77
1237071181312430143,2kniet.,None,24
1178432722822238241,emilestaf,None,2
1351068462776188969,ko_geko.,None,5
1349605170161385513,apollomyz,None,123
1078062895713222737,kvasik023,None,1
1393150260079104010,bbkush319_27234,None,39
751639250859982888,alvin1461_6777,None,8
1078998949110759464,lettuce_guy,None,1
541555110560530442,ibarra_milanesa23,None,2
1350100442234753086,junepillage,None,37
1407105228242686046,panda956ss,None,69
1124940443461894185,thenewbobishere,None,15
1319784672200491022,mainpanda123123,None,6048
986789330867609691,f3dv,None,3
1404637983042306139,thecipher1984,None,60
1253116999278792853,concore0812,None,9
1245856558215069818,goodynoshoes2,None,15
820954902053519412,vertreterdeshooliganismus,None,83
1403626564024926218,toast35__,None,5
1359614368559534301,appassi1,None,14399
1283870769704599604,gut1an,None,20
510567622836879360,kawaii_chan7563,None,63
612001865680289823,strangeronplanetearth,None,8
1171542209586282557,j_ckn_fe,None,44
868999292923297864,5gb6hn,None,69
776121450767712306,booranenergiya,None,4
879293473382092841,zchrsgrm,None,41
865643237343494176,floicatcher,None,18
1381713532340404286,vezrr.,None,147
1344871756602802330,speedvrt,None,11
937424728300339280,sawwus,None,1487
1370975608414146584,agarnegenbwe,None,104
1192846976056832021,kenwinter,None,2
947094316373930034,dornanesko,None,27
1227226494707830817,bobbingtonjuew,None,205
1129673410625159198,uwu_691,None,1
1410483237603512330,cossackkebabeater,None,4788
1321540379539144774,disingaging_66547,None,45
1410620994355200031,rocky064450,None,42
1110797729090781194,crazu7814,None,2
1407773290415657054,generaldark_.,None,17
828417558814130196,temullun,None,245
1229445808978661387,mk_overlord.,None,109
1315519436010295428,not_seventeen,None,21
1409261209613504574,naturall_talent,None,2851
1409245963628970007,hdwyaiudhway,None,9
1384654552392798319,vxmpz._.,None,1599
1390846801313271881,iosifkirkland_085,None,24
1411329133715132513,aipomdestroyer69,None,196
1121774497532493854,vitoujr,None,1802
1275618988503732285,aviationliker_,None,1
714938694016041021,panzerkomfwagen,None,2714
1411546890826285109,hachiun_aichi,None,91
545332227416915988,pimpc2419,None,11
933473652085772318,kurushimu81,None,3
571544207689515019,.koshii,None,1572
1147324130836873338,rightindig2,None,192
798170680431738912,jordsn_l,None,168
1185929807716962416,confident_pony_93387,None,793
690745781891760189,hijo_de_ulrik,None,13
1325308313629364361,yogurtbell,None,265
1243598244941140069,zelfer777,None,8
1407188122869043405,mememememeim3,None,12
1229221295154008160,killerofgods69_81431,None,2
1074090527730962452,ilovecheese0786,None,1
1341702137750753345,zodiac_sign.,None,11
1238348593211904091,soviet_guy11739,None,4
485327672709218304,crocodilemann,None,1
1062762114273525851,alnevia457,None,117
1142458993088929933,ke_yez,None,9
1342842244184543245,fhack,None,175
1415164049112432774,ihatealamofromtheswordlegion,None,31
1402838132445151253,scooby._111,None,4
1325457597364568075,benjibyrne,None,15
1112297418428534814,bestbroderoooo5307,None,115
1166771918779723846,rialbayraktar_tb2,None,24
896489489738907678,the_balkanguy1,None,68
1399467340864819201,twlfinnishvikingfle,None,472
829766072172281956,mox.17,None,5
956890431742947358,_btd6gamer,None,137
702053005369016351,sagabah,None,239
967487487297593466,du3tt,None,30
1296897423070990379,no_one08430,None,1
1320774379025731637,combldo,None,74
1275063341416448051,gamebit990,None,3105
767355568549003275,thoseoldy_,None,20
574453512600027156,futuristictommasso,None,4
1408539725521752208,xzivix,None,1127
1120335518241128540,radioactivevtq,None,230
1384094332021248001,frumos97,None,15
1253406968765481031,chors0598,None,5
1394051136578916492,vindictiveflesh,None,100
1206695126232080485,farmsimontop,None,3
654353697643429928,alexsodapop,None,53
927028978353598514,zynyxv4,None,430
1333453624528863303,swimminguy,None,15
1252092625599860811,zorzues,None,3
914005582850166805,king_scorp,None,78
538759847324286986,25centsarethebest,None,163
1327321927060295801,noseekisde_,None,73
1400272216444371146,prestinhhh,None,1
759950162549538826,dezam,None,2
1396549960341913631,mahari.s,None,31
1068092757299691551,trader06382,None,5
431403993713868810,pumpkingg,None,852
1225114279095570585,r1ncent,Blue,6440
805144861417144331,ptek,None,8640
1203674300813676626,shadowman0756_88771,Blue,9962
981635381437030420,aeonill,None,4017
1196842987053928561,tejararlang,None,34
883379312575807488,epik_builder,None,168
1311408814985318471,thenoobwhostolexmas,None,50
1317279250449174580,vivacious_hare_05743,None,1
1284637524525846592,mischievous_goblin,None,4
1186002010206638134,bananamilkshake333_79345,None,5
485883977161506837,gurkenbauertim,None,30
924506762957180948,sikoman38,None,2
1373965098305196093,gambito205,None,186
1376615825381003457,ballertheone,None,43
816506176484278322,vipercinematics,None,2
1125881761876951192,udoplays,None,12
1170783507828703287,nessaaddicted,None,1092
449314250041851916,divisjoyrider,None,2
1252717137034875021,balugawhale1._77378,None,2
1144775764508672012,zupa_31,None,330
1313580018609422348,ethan068338,None,7
1419528922911080488,justcbise.,Red,17571
839111905305034832,irish69.,None,562
1170936099724603395,hiivverr,None,44
445195600812572672,sigmaticalium,None,40
1309810738872717392,casvalthesecond,None,12
988336888114991105,artridon123,None,17
1391847021769654383,imperial.iran,None,9
1387995960805822545,iloveragebait101,None,83
935167468505284728,jeremi2137,None,5
1284952174862008363,white_leozin,None,82
968068351941287936,kaenendr,None,14
1118553868536664116,justabrit11,None,3
1368732107144429639,p4rkurmeow,None,112
1172924756501217382,gulfy1,None,101
1328088203910971445,tarmeng,None,1483
1419667379427872982,leonardo_66349,None,42
1369840305389568060,666_my,None,7
1244586541414617109,cipteson1234,None,1320
1420704701158002740,amplepeacekeeper,None,1476
1421232515548581918,justkingg.,None,50
1223240358251462688,attanom,None,110
1383548739381100676,want08933,None,14
1100880487314112655,aurafarminglol,None,2
1372316893485994064,wiggerhyde,None,1481
1058101125225648280,lookin457,None,9
1144577133809762386,hdjladhausdh.,None,92
817411996528934933,fuji_cooperf2007,None,17
1419445934097563750,asherella7,None,157
1256334335137677392,fireshot85alt,None,54
1379471917744132209,ramq1244,None,2907
1121600287170371614,abnerxddtr,None,25
1260969198671106079,forkedbyaguy,None,4
1081861301803941908,adimai,None,8
1345425198412726333,distr_kat,None,6
1318917634586312725,ashycrusader,None,79
623085869204635648,sylphim,None,330
1231615339301965958,haytham.jsca,None,37
1029800414020902962,kittyboymeow,None,137
1324950507407802381,zovbez,None,123
1415138784567099422,bendy_an,None,14
1423843664416735305,mainpanda700,None,14670
1154561720069656636,tomoosi,None,61
924086087419310090,divine_ugf,None,7603
1117262930262642699,gojoxx_.,None,4
1423906565114560583,blknblue,None,5929
1120212099667341383,ieatbrickwall,None,13
1423957497458200679,talesofzestiriathex,None,181
1264731526021779508,irfandusm1940sshouldbefriends,None,2
1413229194946805863,soviiett_25213,None,99
306904242285707266,rodrigodiaz_vivar,None,1151
1327071903197696086,kaiser_roberts,None,85
1116435807838929057,cursed.3067,None,1
1424751418329530418,nr.1cubetglazer,None,571
707794905266913394,yvuti,None,11
1012647936041156608,stereospader,None,10
1188012502106263552,likfora_14245,None,1
821067529727901788,tyymuss,None,109
1425288760131715225,korsus1023,None,21
1230879893315780712,runosa,None,5
1352635240824438886,shaqtonnel_aureus,None,8
1076995206467047474,calminious,None,23
735777480324939776,veryimportantgecko,None,2
1390339571106975796,makizzzd,None,28
1261718393250386145,ivanvelkanov,None,56
925357904440221728,yourcasualxin,None,80
1010350876839395359,zeenzeenzeenzeen,None,354
971158338526146650,koshii.heartz,None,898
1233310824735703106,fabianmaster777.,None,1
1426794489300647996,hachiunkhan,None,49
556545646690172929,dangerouscot,None,21
1426797688833183826,hachiunchanyu,None,9
1277538318866845749,gamerdude120560,None,2
911477876187095110,sad_t0ast,None,32
939234599429619803,miggulos,None,1
1377071197988196522,risen.1,None,6446
1425151762355982459,lildih67inches,None,2
1427669737764290740,reikaterran,None,6
1041482971456213053,1whit01,None,8
597013390052818958,avgg.,None,9
817059681486241792,storm_star,None,1
742345180451045427,raghavchamp,None,22
635913089723924551,lolfuzer,None,1
1327432963364880462,somerandombritishbloke,None,2
633814557902766101,toasty_mikhailovna,None,143
1162954443319414804,jacc_jacc_dj_86929,None,3
1025076622921039924,th3rand0mgam3r,None,79
796907662839250945,finesse3693,None,1649
992149620455133255,patrick0365,None,2
308133366035906560,savach21,None,59
1200288100195237948,elultimowazin,None,2
1346392067361734709,upmongl,None,34
1248777098022092911,kam1n_k,None,1
1231245971573440572,532938.,None,13
1290040130488242220,karpups,None,1
1427360776678539475,t4lon58,None,59
328173221591646208,nebulaso,None,29
884015720042729544,hellowdog,None,136
934540155413475450,dev_thepotatooooooooo,None,14
1365448095177113600,serenelle_.,None,110
1420649286902874214,_caelvm,None,3391
1237815222933389315,kristinaye2003,None,13
1401311701474873344,breadygorly,None,17
1256385828045848727,po3ee,None,17
1286229106089791537,icecoobe0200,None,4
1354505241449726124,this_is_cool987654,None,45
444243256356765696,redincon,None,7
1309891708326248533,carno_55220,None,70
735166875029471282,fractortractor,None,1
1406374887236309115,1stnoya,Blue,9947
1277331878801576040,bigdickrandy_75613,None,1
1416617665564508320,xauricix,None,692
930200118957850665,ddoxingminorities,None,1862
1418310035775422535,lexiixhoeny,None,57
1113761373000835104,32950,None,51
1263976698936819823,anormalguyig,None,251
682617533094035514,imbenii.,None,1
1262094442416836642,ooocorvo0909n1cknam3_44290,None,1
897084444958130236,.catware,None,14
1386361815990014043,.dove8,None,2
1380989991580074126,vozhdover,None,120
1357835067740917934,noor_ul_aan.1_09445,None,5
1431055536190656683,theofficial010,None,3498
801476859467399218,balticmap,None,773
1275728188651208788,eeba2023,None,9
550298994417336337,wickedsteam,None,105
465298813502881792,beatingmymrbeast,None,17
908448444962725889,aredpostbox,None,18
763680899320512562,deimos3932,None,10
1242498965744652388,jmiller091.,None,50
1139341067372736653,emin0957,None,2
1212874814759501851,enzo_daniel_,None,7
1125177048860741702,borsky02,None,55
1038965708693962853,.qwertnek,None,9
1364123247196770414,iambobbyinmyhouse,None,1
1409786369626210334,xavierbridge,None,2
1429134473592700928,this_is_links_alt,None,1248
1408983284523860099,netherlandsisbest_21041,None,4
1424054927059325008,aceheartzz,None,6
1371658754059272263,account_has_been_deleted,None,13
1370381269107605516,da_second_smoking_peashooter,None,27
700342215871954995,thevoiddeveloper,None,8
1044461079620759584,cloudraining,None,2
1382424042518220941,astolfo_7676,None,2
581399486094639124,blooming.pink.blossoms,None,13
1389010692346085396,panacapibara_32,None,3
747156875631525989,navifisch,None,5
750556566117285909,muhok,None,113
1310107655465074773,hittingfox,None,1
1261332463330787371,justicecyrus_neshapur,None,389
1213943301036580936,maxb806,None,4
546300196963876889,plaan,None,677
474619467033214978,assassinwizard1,None,4
1435003393180438541,crisitiann77,None,11
1327387575924555906,nadaavef2_45227,None,12
1296310126709313637,antamarino,None,471
1383770159319224382,kudydjidu1,Yellow,1337
846779351001202690,vorbit,None,520
1391686424310448201,kurt_von_richthofen,None,24
1027107148854997002,vercal_39,None,3
1419812892378927105,nakamura13_,None,1038
354783990701359105,skyderamzlee,None,1
1232676024165335081,rhodok123321,None,399
1436398475704008714,rocky047483,None,30
1354068665623904276,acrskoi,None,4
1058169239300743188,lucas_gorronegro,None,3
1226077541723406346,quandle_dingleberry69,None,9
1434969735937654785,sunny4kzys,None,84
1158358352376631397,bobby0760_29756,None,2642
1332820001547227209,dom141414,None,3
486977990899662861,dunklin,None,15
1436852951959212115,sydney.rla,None,3
1381670507593596978,oatsdagoat,None,91
1436488468904677557,leviscott0009,None,3
1394056534580789259,unitedstatesofamericaofficial,None,18
1082483138564984873,polish_2010,None,4
1071816538425933977,bubblegoom_rl,None,18
551139545186566144,urizzen,None,170
960890761719742514,floppa1_2_3_4,None,53
1300597852216496128,shawn11884_34748,None,2
1024091920525447188,tripolitania_,None,34
770751595188584469,jokerr7864258,None,21
1438584187857932288,cbiseismyoneandtruelove,None,25614
902667653913657345,pelusogamer9029,None,11
1367163948281106526,chawshad,None,19
1287421955154116732,maxzhul44.,None,90
1348035347426181216,navalwarfarepro,None,23
1365620501279408190,jj_gamer0143_56890,None,15
980189332931502200,feld9091,None,2
1295035470673088564,akshayen,None,3
1439196810202579115,weimarp,None,1
1421600967098372167,aryan_934,None,3
1247042737946234981,lemonhead_66638,None,2
1066376827112792155,zenokillyo,None,23
1422988865232306217,naturallytalentedkid,None,1797
1323426733990481981,mmm_cheese.,None,37
1016825802207268956,2024,None,1
1081639781336887296,notachicken7777,None,2
1415429410915483829,pp_sigma026,None,1
1263616929914945536,aether1987_,None,3
1432306562591883294,lunagal2,None,26
544109861244502068,dandyjr731,None,8
998724351597744168,ciro_bot.10,None,8
899172568811048970,silent0791,None,18
1396842793065906177,_shady0,None,87
1329631442355093587,2wexi,None,61
1237931899725545533,nanabd,None,14
1363148890320146432,fearless_eurgendary,None,1
1367834307317596252,tggmilez,None,3
1330913487207141388,wokosito,None,281
1373673718101835817,yusufsharky22.,None,1
1168523036429910036,maxush6,None,2
1438875667897913395,andreundercover,None,57
1364447169691783168,biggestponk,None,9
1328569132312035401,coolchair130,None,9
1331255047664701525,demac10_,None,5
1182641149442273354,oliverhungary_00865,None,2
834850505313747074,blursrevenge.,None,5
492118594910683140,harrington85,None,1
799197228870139925,neofetch_4308,None,1
1138569131835273306,shaggy98989,None,6540
1410535191528865862,kamaitoke,None,2900
1439093471817371750,rrxxyy7,None,613
1340773451132305509,yugbet,None,2230
976428855407546410,gsmibb,None,1
1424551081718976563,albiero16,None,113
1364575637846884373,carlkarate77,None,23
1202377628909326439,oreo10147,None,9
788064689329668096,thevis7890,None,1
1437344911803547691,verstappen0682,None,4
1238974408098451549,123414bean,None,9
1184972801409568848,animesquad.,None,2
811257442259304499,erehllits,None,164
1288103251551715356,historicano,None,26
810172129063993355,bicarbonate66,Plurple,21291
1443602345631158272,mashascout,None,13
1443957587539267635,scoutsu_,None,75
880005786418434098,justajuju_,None,4
1038103221387931718,bosshot0123,None,46
1444532447072223355,sortascout,Blue,210
1236958361560420467,highlux0924,None,2
1440283672954535986,pushthet,Bronzer,2697
1444722288359641241,sortascoutalt,None,23
1392952660268810304,ninsbinsin,None,6210
1426267579298742315,fityma1090,None,1
804861458059100200,gillyb18,None,1
1192730998262206474,morcego90,None,26
1266826665259171903,maid_ronaldo,None,13
1345443892069400609,tortuga_wa,None,8
996778254335737996,rosetealover,None,225
1112311552729694212,gontar131,None,14
1443458166196011008,whecker_hunter,None,6
1176409281860476988,theisba2_19942,None,11
1155746145662939137,boboyoya,None,18
1445544467791741059,scoutmasha.,None,5393
1417578968311136458,frederick_08.,None,2
1298975142172688457,the_death_of_unknown,None,5
1358517780038680726,alexwatchesyou,None,24
1395602835869012190,waterguy2028,None,25
1438971072555782277,nanakaloves,None,5
1305236547129315453,harrison_loves_dr_pepper,None,2
1446531249198862437,risen.twin,None,19
1324803236690919631,matt_110772,None,1
1039622264804618272,tiantopo,None,1
698630948878548993,thecommonone,None,3
1046863523428454532,tokcuc.,None,34
1348091967107498014,refguilia,None,38
1327074188179275887,lafuckincabra_66825,None,6
769669181921820692,deatgh,None,3
1158484915617284278,schrobbel,None,7
1071988769210761276,bobbylarnes,None,2
781878794356654081,aimgamer6,None,9
988537708571926598,kingsley5397,None,23
1372638534816628797,jxxremy.,None,195
763995300360224768,invasor2026,None,1
1429095955105583217,joamm,None,1
1426034066393665627,penguinarc67,None,21
1399312476239171725,imbondrewd,None,7
635450079788007424,cubicu1,None,1051
1336186416371204167,fabitaf,None,1
1037585011555192942,iammelody_123,None,42
1448606927725793341,clockistickingx,None,13
1442374847870275655,katxix,None,5
1417914262692696125,pepsi0895,None,8
1325937405324169247,realdubbytubby,None,2
1075494587486974022,youy_51,None,1
1140745969361752154,steven0664,None,24
782389383629766698,martin_279,None,32
1432265653863055371,oneofonewan,None,165
1011282501152538675,qw0lfee,None,4
1433827369184923709,envoy_of_smolland,None,2
860205737162309665,eljona_08,None,215
1327446186172481588,lengle202341,None,5
1414368044519653506,levi_ackerman7777,None,4
1357877060235952178,sender0894,None,2147
1256270800898756650,oppblicker41,None,115
654822615684218881,imlukealike,None,2
1276376452484431965,arzterk,None,25
939344617260847144,xxqhello,None,191
1184748794127069189,leokimnz,None,3133
1450546378651729962,theofficial567,None,10242
1376896760684871820,soviet.un_44167,None,1006
1426165475108327514,limansk1,Blue,5027
691700243770769440,venoso9976,None,1
1113596967545749595,whyloveforever,None,4
1188403478834446388,unschlagbarer_krieger,Red,4352
1175143954237358132,mobileoliver1213,None,37
1118587154126352435,tudorfrnt,None,27
1406531350244364410,nashis_alt,None,356
1075579933855842315,pothato050124,None,3
1079563856747184168,elmo_lovesbagochips,None,1
1248827815273431182,itzwichii325,None,1
272766060342542337,northsidemostwanted,None,5
876134990721728574,rikuischillaf,None,10
1298091578023219203,catking3452,None,15
1403349085263499437,vykelry,None,151
1268815142259261442,smeurtfs,None,2
821221581896286208,_inactiveguy,None,110
1343567565028589618,stromie_tsar,None,34
1256922686769070152,lukexx_88205,None,827
950810079890907197,o.blacks7,None,1
1018781233146245140,prosaic____,None,21
1213900349899939851,nakamaog,None,5
1115662835972833311,emil.12345,None,112
798323758384676884,aureliusmf,None,22
877463339763109948,nevs0250,None,1
972946427099639919,squishy_ptjbiima,None,10
1216282146038218866,captainarc1,None,127
810544263338917909,messi7555,None,2
1414366394115424381,patiachi,None,3
497196488720646174,glenn_glenn,None,20
738540049926193272,cr4zyt3enager,None,58
769826754868019211,stann_themann,None,3
1181718275265151026,3.pebbles,None,39
1220191965040083005,azerythegamer,None,35
1398649226082254938,julioextramedio2025.2,None,253
1452619527916486718,monthehoops8867,None,5
939057543970439188,izami_williams,None,1
897640859842019339,chengqiii,None,12
1372344513992851608,stormclearing,None,1
1428512623011561503,r4v3n_r33f3r_09084,None,9
1192965975910383759,itme_raymond_,None,33
1233380824607625257,mrgutentag_strikes_back,None,2
1373394623791108268,grandcherokee10,None,41
1239216556043403420,vulturulmortii,None,52
1328494991286206575,bigfatty_3,None,67
1088153060393619496,annoyedant,None,6
746153507345662032,raspyakiff,None,3
590285288337571870,ahem_.1,None,15
1331655479046180955,stefan_6164,None,517
1370484928042762370,negrophobicg,None,20
1453358652017872926,benjamin042907,None,1
1345260976131280966,ilovelivysomuch,None,8914
927950241804734484,marcarden,None,3
1199344189469634561,totally_velas,None,110
1150087123236565082,junior_simple,None,1
914240358571974717,vfxgiven,None,8
1067930501266030592,time_time108,None,9
1452876354843312149,william046046,None,2
782973828103667772,zecutriton,None,16
1448721414218711081,iiiigggooooorrrr,None,46
1286363114698182781,rraq1,None,41
1454613815609135178,yabronotfound,None,3470
1102324777357672451,elpepeinsano3506,None,1
1237698397754884127,gunnerco,None,100
1117148392196423811,iamnot9218,None,83
1404785114487062579,rezinal,None,30
941300170811928587,malta0765,None,2
1206215655188201544,momstealer_98101,None,1
1234865753744998400,exuberant_beagle_64785,None,669
1343178038644441099,l_k10,None,3
1454943288590078158,creakerkings,None,26
1316356024176742433,_crystalhope935,None,1
764817978461519904,patheticairsupportloli,None,4
1382689769850409021,stsen_.,None,471
707573840032825347,atenxial,None,20
1027148216736698438,thetwoandonly,None,68
1179362529797996584,valerie435,None,167
1106689511834001468,duckdacewl,None,4
1273812818654658633,entrenches,None,2421
1262601330606866455,duhlxl,None,130
1452647906279690381,tacozjrcooks,None,1
570775041550057474,natashalover.,None,1
1083527512933539950,pancho_man7,None,10
1455276163629846652,synderx_,None,5
1455037338680950957,msnsnsnananans,None,328
900877991767318528,boisplex,None,39
1015061137252945942,kukardog721,None,2
1408529677349421297,abnormal_person.,None,1692
900363596398202890,xristos3341d_,None,10
1186106748394803265,theswagistan,None,66
1060198408071163974,suchyrr20,None,60
1398650260850606142,citipati888,None,7
1140068670777864282,mrhop.,None,1
1208530870823293029,bigd_74936,None,96
1240791508781633601,obrak736,None,3
1340370584739254444,fateshifter.,None,5
618621493491924993,that0neivan,None,8
1404217155624370237,vontejr_,None,7
1242503518502522891,kaspar1234567891011,None,1
1372357558576353321,marksdfsf,None,184
1165861399331876944,stunnaaikoo,None,2
1060700593280270386,tinihugs,None,15
752972152747065514,zerando.coisas,None,1
1111634903432437823,sherlockholms5840,None,5
864361139365609523,imnoobnotpro,None,2783
1140659736170213407,antitap.,None,3
993226940393738240,thesycosis,None,18
701241364393885779,rochellejay,None,3
1276275884864704634,kijistan,None,2
1362800077248397514,huxington_.,None,8
841524149608644630,asterix111,None,3
1181292761694097421,timytlord59,None,1996
871815925341503499,sirsloo,None,1
1101122804025401355,mrkrm09,None,758
881587049856135179,agamesz3,None,29
1417725414566133781,rockwell6821,None,4
780856761707397171,timtd,None,3
959879451032842301,axeolt,None,11
1186418230277971969,zart0p,None,89
1280942991724515353,thetruedoc,None,91
1291888169968603168,alqassam.ps,None,1485
1067164981839282186,dodgerguyct,None,88
514605189378998307,pansi_to,None,25
1059676361209417768,kojipapi,None,954
1435589439014437026,thethirdreich_45975,None,11
973571319079780382,matvey5463,None,1
1340096170348773482,sla_thalles4002,None,28
615320195396927503,pops4270,None,10
1457840419525103754,niepzx,None,14
1276111092585594976,nottwistedd.,None,1
718874840437620796,ogvilicus,None,66
1458029598997614726,hazhun,None,708
1383002457654956133,davethecarpathian,None,97
546642362177159189,qu1lber,None,3
823171834739949578,drdurianz,None,28
1458792143500873866,monocarbonate,None,464
1350075294983258152,united_columban_territories,None,17
1336774182712639550,ben678cz,None,740
1256235313374957589,technoblade58887,None,3
1280731187320590397,epsteinentrenchedoffical,None,446
1448637014990782509,reconmission.,Plurple,4863
1396422131478302800,cuteyd,None,28
1330289252826611865,bllaca_adot,None,6
1011020066109784204,adamthesniper,None,2
1083104483879440384,chutneyandmomo,None,1
1257448531262963787,vorbit1,None,3103
1014625125301223476,angel_762,None,12
1448178156312854539,ramstick_,None,655
1045406303222243389,sleepy_tyme,None,57
712297003228463124,elacshin,None,37
1246633541182296068,rikoshet.0,None,490
1446131327312334981,plaguedoktor18_59166,None,1
729916870081380402,marsh011,None,64
1026076268053147658,_sintezzzz,None,23
1311763630156415021,aki._dr1fty,None,68
546444572067102722,sviestas.sviestuotas,None,44
1030262099445809193,real_tyler2011,None,67
1420905834413686826,iamnotjefferyepstein,None,7
1251058704338653220,iki_taromatas,None,31
1187851033813200908,ttc_dp,None,236
1396508772935008346,jihadmember,None,49
1459874380162138325,zouthpark,None,1
1426872677313941566,celaguna,None,4
1459901706656677912,janiskawko_sojka,None,5
1452648770813690004,notamarine__91733,None,7
1424891936371769536,zxe8.,None,3856
967037275567439883,hydra8550,None,45
1084825483822252152,a_pipins,None,154
1446249181990621335,joaofelix0834,None,238
1201306359942090933,kk__.kk,None,3542
1370768351386796212,gamebit9998,None,884
1246874270227890365,ludwindelhavian,None,24
1460314270360277083,cheren12345,None,10
1125899598184063038,eryxvoid,None,6
1285914989659426829,sire_chucklingham.,None,7
1389612698861572202,imretard67,None,1
694639612341256282,plebolas,None,1
643527994253639710,kwazodot1,None,14
1460270370232733720,prehist0ric_,None,87
1460643550948753571,ghostlitbylightning,None,310
1208414970086170624,loren1_1,None,1
1456805513537912885,truerifle,None,50
1460446856063484132,hahahahaha2hahahahah,None,13
1197866171848986745,delicat324,None,13
1222136968037535765,shadow9mirage_51768,None,3
970603359746805830,d4rk_hero,None,5
1223108207640186943,imcrravy,None,6
1192442079285092494,mastertyper_57213,None,5
1409392202328707075,minijoost__66035,None,9
1067497795218591744,dirtoverlord29,None,1
811047617978564689,virtorix,None,2
1318605404414152770,marianomdlc,None,10
1041736403500929024,denfh566,None,2
818506550591225857,.nueclear,None,25
666804173341196288,ll_violet_ll,None,17
1229117609107132456,fruntmon,None,4
872395599662694460,tommygun9636,None,4
1021578347932811365,coolerphish,None,1
1105937367367430234,michael1012422,None,46
898606208485838898,j1kev,None,168
761676825109200899,yass2000_,None,1117
866614107486158858,elitestormer,None,94
1431660880705355960,youraverageidiot1234,None,10
1222916492153196625,the__medic_,None,8
1416139148741443638,plenfycoolmf,None,25
1458295828337918148,salahsexboyfriend09,None,8
1436205500239708351,creative_colin67,None,72
833393743515877416,n7kkel,None,90
826492510632149022,justhereforgame,None,2
1386923501025235015,ludwig08137,None,3
1184518246460817469,cinxe_0,None,94
1051547743832772698,weaty54,None,4
1070839359080767601,iggy2210,None,2
1347320581166600253,moosenumber3,None,2
1462351622855331925,sgtstarlight21_18851,None,14
1462512928061263899,lukaademonte,None,79
1398977076584779918,jasty_dizzy,None,3
1411812711809024073,j_gameplays,None,1
758531893456273468,jpg2820,None,8
815783620182278215,d4m4tr3s,None,3
1215467347058626622,kojiipon,None,2120
1084201174011486399,albanezu12,None,95
1248900871170031741,jet1o123,None,4
1372155295144611911,jianfu_94706,None,3
1352776895485317250,dented_97,None,12
1459048845160874106,mzha_.,None,678
1226207209323499684,gandalf_gamgee38,None,1
1453770001482776699,myangeltobi,None,1
433313508357308416,iloveexercise,None,10
996748365670916186,saffr0,None,5
1439662326281408563,64vgashehteh3,None,89
1386406795169235054,mailexa_missed_94294,None,15
919774106793173002,jukin_22,None,1125
1372745738001449040,nsjs0707,None,17
714978350040350791,unidentifiedben,None,359
1353558702590001224,bella.blossom123,None,2
167026098306023424,snies,None,2
1119927599100067890,ghostface07004,None,81
1414666190030377000,austrianzero,None,1
1256049747148673097,t800___,None,7
1420400244004229150,johndoe369_36,None,69
1261114220045668372,flygljder08,None,4
1168962474431758468,mimis_62301,None,4
1309580375881683058,emmas.lapdog,None,42
1219797957205823599,dyegallo,None,3159
1331508965514940469,lostmanuchiha,None,3
1206081531735703602,camp_us_hi,None,6
1285944974407503976,ltricker_npc,None,7
712400245727690893,srcafelol,None,25
1193192391704850584,lotech765,None,1
758024051641024523,0verhillunderhill,None,5
1366511793928802475,plushplayz997,None,2
1432970510597357730,viperstrikers,None,7
1402504836594794499,menialtrunk,None,6
1464980850222305342,lowtapofado,None,19
1465317848376148100,talvel_7,None,1
1292206138661802125,otakuzenn,None,2
1115437999510003783,leugimpvp123123,None,4
1434633524391972964,subuukun_09467,None,2
1465078731629658132,pyat0020,None,61
1327836481762496637,britishsoldier0839,None,35
766002152349892648,felipefermen14457,None,15
811640259548020748,tdbunka,None,1
1378978797503643688,phenomenal_hacker829,None,1461
1257440598768488609,jargalwastaken,None,76
1091560518361292843,legrandefishe13,None,11
1121784464478052513,luxhua,None,33
1458903141297815712,empanadas_dep0llo_93218,None,1
1429924775400308861,benjamin064729,None,47
1221332640829804566,errdertr_64925,None,71
1466106695578288242,brodylofgren,None,6
916617637562314763,mecker2.07637,None,7
1404389723106967582,zubplayzt0,None,5
1465440398779351326,lucas_carvena6664,None,182
1068735067154829352,imamonkey2_,None,12
1435545735184781372,cszpo12,None,2
1079477580366893136,eukophal,None,788
1243015556920246343,twisternjitter,None,26
1465269329174991031,oplasm,None,2
1455895436094214256,zestyzappy,None,2360
1457621970735857807,ghost20875,None,2
1257733403130990666,jo231_28982,None,30
1459512030317903894,helixifer2011,None,96
1382471686028263515,pp02292,None,1
1251539255122071602,cyril557,None,2
828516255114985472,abootoed,None,175
1404420538465783810,m3tke,None,4
516394862908801025,_danishdragon,None,1
747946345951658125,wisconsin_cheese.,None,1
977240101824389130,chaserkk,None,4
1239192760267837470,epicjay0019,None,2
1467592383637225543,serverleaker4entrenched,None,14
1467681532952182989,rango314,None,13
1461318954134802479,jonesy_409,None,2517
611833653961687060,scoobytheimpaler,None,2
856280044272091136,thelakef,None,241
1296858138217021502,samuel.vp,None,2
1468310680317853884,butternutter6741,None,277
1453311331020177559,schizohoe,None,9
1376229209189519461,674432l,None,1
1438104921554686023,123mr_ben,None,3
1468610449825333367,beckenbaconbauer,None,148
1091793930636509237,vortex085822,None,4
1391504837467832422,kaydeng89,None,1
1239296447799754793,zunora,None,1
811450778455769148,playfox0001,None,4
1223420867116138528,vladdd.3,None,85
1424463124492325067,ammonianova,None,14
1427459763997773958,liverpool_61173,None,17
1272767884828872777,e05395,None,14
1016372262359810120,sr_anre,None,4
1469153950203908206,mopdsiatelpmsplcs,None,31
1278023967952601109,hoge_orai,None,1
1434706221348159513,skimmy_05350,None,118
1361881628476964914,thestryguy2,None,5
1469644755158962318,emperiumking,None,64
813703094084173864,nootnootsolos,None,1
1325210164902629470,golf.wang._.,None,1
1383444130872430752,forian_lol,None,7
935379294459404289,conklusionary,None,60
1140082986226819092,monkeymanutlra801_89115,None,3
1043227262587248640,esbenwn,None,34
967412328184299560,atomic_gunn3r,None,11
1200566818515980288,deceasedfeelings,None,182
1216135303191068902,bigsmartnoob,None,54
1221986767662612584,rustynood_l,None,1567
921186132367122432,zachy_wacky,None,17
1366201850394710057,lucasisbetter__84428,None,13
1338254502259855441,madido_czsk,None,140
1470716124915171459,william037492,None,1
1289624819771510888,airpodas,None,2
1471141387742220421,yerkoaros,None,3
927349300168638574,bowentroy,None,3
1131485783514157066,zane_mentally,None,2
1250723011062005792,lawrencemsmith,None,47
1269757567509332029,umulius_umulius,None,42
1110743926312284160,.sturmgeschutz,None,1
341331592255504384,waters450,None,89
1083218744223989801,venoxoz,None,52
1406408783550480540,tzaralexei,None,12
1425626931050840235,landino210.,None,17
1385270205449633977,muvse.,None,2
1246746504262058069,charter0839,None,1
769621336892375041,dinobop,None,241
1470137138300584067,ogluckii,None,80
1025592276405202944,billybobjoe2434,None,7
1467587877981655336,denrat9_25490,None,1
822817519949578260,amirpizza,None,3
1205247188553171015,biofoi_50364,None,89
1421581929618215025,scarab.james,None,11
1001565219828543538,midmm2,None,48
716338229627977740,neutrek,None,2
924726013118791680,el.edgelord,None,1
779752104969371698,lazycutekitkat,None,14
1471283455072538684,yoitsfills,None,341
959197716305551380,realbowlmaker,None,1
1444712857177424075,friehairguy,None,2
1127650159828938753,ottomaneseri,None,2
1243321401415434331,matteols77,None,19
957083981692682321,germanarmytroop_1,None,13
1386127680650608791,thehamasnationalist,None,750
1325111698536792078,matas_1111,None,1
761444531387236382,mr_pancakes0,None,4
1270558016105742427,frodger._,None,298
1473787201807585450,42_iso,None,1729
1472644353531973903,aefvilicus,None,65
118083008279478275,misterboy64,None,9
1298030754697183314,ademircito.,None,2
1398101245872312351,nico13060,None,1
1474208833814532311,taipingpatriot,None,3
1474192895882821868,711vilicus,None,48
704540088423678074,akumu0111,None,19
892332786302713867,troller_facer,None,53
1399827850491592856,astrayed._,None,86
1097647233182224454,ace.y.y,None,21
1308418668635492422,wyndys.,None,1
1405637959708967072,duddudde,None,4
482631697246978089,sharpbelt,None,40
326970486024306690,dakrukru_,None,37
864015221849063424,matapang_671,None,2
799844642984034314,avviry,None,21
987605678371782676,yazixel97,None,3
1383114840347775136,zack092489,None,6
1474060278470803657,nerologist,None,71
1446233179219300362,mavericktheman7_17071,None,54
779633764908138497,banka666,None,7
864304304559226891,dragonn.onyt,None,2
590132334603403264,theifo,None,1
1140971257546948750,lawzz_fireproductions,None,2
1192933531979108444,radon488,None,1
858110407667482644,that_tonk_guy,None,2
1475140052341362915,aedsadsadasd,None,162
1475140997922029631,imadisabledpred,None,8
1125741333521371178,epx1s,None,6
1255393937821007965,alexxnx1708,None,2
782158847841533973,_breenn_,None,42
1229574629853761650,ernan2000,None,1
890303522380320849,xanix100.,None,1
1185452006509379726,cheebdeferrugem,None,12
1322340899086270598,pancakesaretuff67,None,1
1110287164534693990,zelvoros,None,32
1193752771938242603,micronesia2232,None,1
1473768713030467851,mondermenace,None,68
1069706207008391198,mezumi_r,None,3435
1399798187929370705,shunshine13.,None,6
1449458927472345119,1996danberi_atmanbelediyesiyle,None,5
1378880762094555219,barrycrawford.,None,1
1402765163643539606,lev1501,None,6
1009963624569257985,emperor_of_man_kind,None,13
1005194225295569099,patrocle1234,None,8
710740891710783518,stripesownsthisaccountnow.,None,1
1434687002254512259,mr_leo0106,None,5
1430263980856836268,wigglage,None,592
1472050076087091415,rooster.alerta,None,566
1229067953958293635,jam3s.420,None,19
1420732798758555731,aksjdn234alskf,None,3
1249059195937095741,santydevug_42432,None,1
771622671086518282,utterchaos1398,None,1
959839556511866880,meow_nmeow,None,1
1469743910724174019,bell_ork,None,14
1477439228748107887,rooster_warning,None,256
872040065931558942,shiraishi4869,None,240
1013181519705166028,_zygz_,None,51
421369659485585423,312industries,None,527
1266476957449846859,cactario_ben_59246,None,28
1443710182600474685,dogroute,None,1
1189940274240172103,__nashy__,None,6
1085465154612899952,principalityofmino,None,2019
1475795180949868647,3rdnoya,None,2203
1465787270077616158,idk2_24,None,25
1365113030849073205,hodinhkhanh_,None,1
1216388303293648949,classifieddude,None,151
1076256536084627468,iii_tanqrfan,None,62
986209853401886760,vaporoussnail64,None,5
1134141505666285578,inter_x8,None,1
1138229490590437416,solovtwe,None,13
881774589770891274,wickedsteam71081,None,248
1370856913100869702,brickwallalt,None,53
991809729963769929,ham_gamer,Blue,427
709141513120252015,evil_indra091101,Blue,367
1326591037564522497,zerothecurious,None,164
1479178095482109994,catalin_0414,None,5001
1216927856613916694,iam_chilling,None,270
1479185116591947940,lobotomy_survivore,None,58
1299354873061445693,ponyyyyy234,None,5
1440588361378041959,ialexrm_123,None,141
1479259660933402633,74wf.,None,100
1479278177275875490,void_is_walking,None,4558
1479297778441257133,thinksheshim,None,3
1202631854361026676,redcapdark,None,34
1479464657549922335,clownalt20,None,121
1053653420386566174,sidvjod,None,1
1478539791544090696,guapguapbeanburrito,None,18
1479629938888933437,2ndnoya,Blue,2614
1408983505953755178,.distortedvisions.,None,16
1262669954935951390,iammark_thegreat123_46552,None,18
844662995362775150,vonvonfonvon,None,5
1403883225188798525,olafito_official,None,2
1479949418848325888,spy913421,None,25
1153436061100425296,thekirby123,None,2
1476476478924390480,shulqueer,None,513
1125302884590964757,k0mesu,None,1
1382065701245948025,gubby_unofficial,None,5
1268339311993159825,.vele.,None,1
1426509525719973888,slash70brother,None,5
542033097856909337,ayuov,None,3
1278959045377523808,leonardo.boss,None,4
1453530124371755172,cedric.lu,None,3
1283190207687950336,hellowcat,None,1
1397373571923447838,39sdk,None,27
340586044137406464,lucas.mzn,None,9
952579318813458542,nicktator.,None,1
1469964822257860743,draxzt5p,None,23
1372288879591297126,bigballbenson__96322,None,20
981465073820262400,cosmicgriffin_,None,4
1439736166625710111,pattycake0824_61509,None,55
976577586043977840,law_protiacal,None,55
1226484714672492608,deathrunner_22189,None,2
1327873838892974131,luiscuvan_22089,None,42
1445663288363843594,joy_von_schlieffen,None,1
842042597412569138,cranky1x,None,12
750204181184512030,rafael2096,None,2
1358577435486191748,starsco40,None,6
1317500848707735634,pv.t.x,None,5
1429594909081473185,yourfavoritetaig,None,1
1481373272968007743,lucas_panzika,None,551
1146435600669495477,dafishboigamer,None,7
1480360676005249218,ric4rdo_1981,None,68
1471698828695572681,secretagent_19_31942,None,11
1341796996918415400,85kohai,None,17
1215236453949374484,itz_a_minecrafter,None,24
1259556729583304800,g0thfl0w3r,None,13
1103333700739022918,steffenaycaramba,None,12
1482069535149260842,trenchveteran,None,9
1048495885992067073,ozkan3190,None,3
1213867215053525023,sakura.bakushin,None,1
1029067696190525580,dubscricketyt,None,176
1473451414402371819,z_yur,None,24
1343824955040600158,kinetic______,None,6
1395630821422927934,fakefac303,None,44
1030152489510637579,aymn456,None,3
1345803836358398126,fede_007sus,None,8
667081747221184527,kharsek.,None,110
1466421910241022030,jonh20431,None,5
1100149536258805872,battleshipmain5,None,4
1481292743077789849,tisicheren1,None,223
1004379799806034042,kanezix,None,1
1320707595698176000,dominator_frvr,None,5
1395361316956274789,iridescent_157,None,6
631152397741326356,ghostsoldier0618,None,5
903325860956897302,kittenyarn123,None,29
756745783239376936,antxxm,None,1
753148039601979393,littlechicken61,None,1
825399694679212073,freoze_,None,49
1467555184069574790,skibididestroyer67,None,225
927096324833292319,moldyinbread,None,34
1277626889372045353,jack__0239,None,10
727580727444766768,quantumfruitz,None,1
1007631303140724868,obamna12121313,None,91
1477911228444835881,ella_4596,None,12
1208838164924338340,juaoembaixadinhas.,None,1
1386433908119437314,ismaeltezhs,None,105
1445527215805698183,potentialtobefunny,None,2
987832193197940787,tiran.arafel,None,11
1096137450201550909,zayntheonly,None,2
1420845569315700859,godspeed_keepup,None,5
1483874187532566639,magal0606,None,2
1323096738416033854,bible_reader1,None,2
1455817691205075016,imanov11,None,294
1385348494088212701,eryk00138,None,14
1457360298360176696,marcos_geng_83283,None,20
1286409016490070111,luis.pvv,None,2
1426174874912817288,eaci_ali,None,3
1450105445938102292,slovenian700_,None,5
1474161198126596282,tbc_mercer,None,20
1411557273704206479,void1504.,None,8
1404892345672929371,dinodavosky,None,269
1481325232605364225,geraldthecat.,None,5
1482605734297338037,973sd,None,5
1460789888700911848,dancom125,None,29
1170435697627385896,prito0277,None,1
674056742522454045,seiju.,None,10
1269058385341452324,aviatorscanfly2,None,30
1289398709054078986,neyeloei_58836,None,1
1161311836965187695,teutonicwarden,None,20
1475730519374303355,kelradrez_pk,None,211
1270494003510513790,guedualdo69_41312,None,1
940772680746008657,pokemon_fan4972459259r,None,32
1032870747732979782,butterng,None,3
1485287121660149790,justcbise,None,2534
1166589494678532127,jameslonely_4,None,5
1258056242723819662,wordwisely,None,2
1019407821512650802,_dewey__,None,3
1260594878593630252,pereba_1.,None,74
1463979663784153222,strakstarr,None,1528
1457203936279924737,youukkay,None,1410
1473017748631060490,adam_ant0n,None,6
1479259628347981855,toskastradaniye,None,12
1161057897300635779,realfrenchbread,None,290
980865734764822558,medictf2isbest,None,5
1476004488262189108,icemanbig26_25084,None,33
1215334341627093084,coszxc,None,11
1100811648916267008,solivag5nt,None,128
703470624907198547,kaclasy,None,83
1076226500078084137,g_valentin4,None,333
1460115956939624641,hector20146,None,31
1445697516417978389,rentalcarrots,None,35
1417016741782884473,mrvipplayzz,None,1
1464269397341372467,frol1k_banned_3x,None,3
1449804564843991080,zoki.1_61889,None,65
1046559049203843102,epicmemer101,None,1
1375278443159228416,kingpopgoes,None,4
1102736297149349988,niggerl0cking,None,462
941888810583719936,slick4572,None,20
1293690416805445642,friedmaxz7,None,8
1146726576113852499,wafflepanda890,None,1
1449922667632132158,durdurber,None,1
970923811912429649,taxpayer4408,None,3
1423726739200151573,1solis,None,387
719590123452498020,tamika2006s,None,192
1487533722004881529,fbrd_bret,None,800
1437055012080717935,imperatorvult,None,701
1175919957171785804,sticmasterluke,None,20
1487384245264449707,kenzaboi223,None,92
1161168774066602024,.time_time109,None,260
878916324842143804,jakethemonkey11,None,15
1276892261313024085,sleepeyynemu,None,6
750509663149097091,ursoludicrous,None,24
1314409585557246038,jovian19,None,3
1429180604020424828,righty9512,None,23
1486832357427249223,greenbalduglyguy_25,None,1
1003728453696241705,agust1n4458,None,16
1479941477164519554,estate30,None,5
697637605822431242,soldado3002,None,1
1340958670133133342,aerason,None,1
1397315196351021118,t.hynes10_52773,None,2
1011590723243626496,gogetassj4xeno,None,2
1359070844533473403,teammaul2019_66940,None,3
1488328951142027355,beautiful0796,None,8
797516668460859402,slimeysnatch83,None,1
1470257206518743247,silence_hunt18,None,44
1135624005756395590,grutesna,None,23
1487198011573534941,jum_enciaga3,None,349
1257203378266570794,yourleaderkirk,None,1
1422603812069183600,cavalrycharge_,None,5
1270042642859692215,icarocaru,None,6
825575480719310899,alexxxxsp,None,10
1026719961319751710,big_jezza666,None,38
1451509616650223648,cuzcuz_285,None,2
1456310309311746255,belaruss2,None,1
894040194460831804,thugrave,None,1
1117397610236485662,kingjulian7.7,None,109
1392008436472090624,gojo022264,None,15
1215576384903188511,theothepro365_03448,None,1
1488754436544397544,tempialt,None,2
1482849834439413904,gfar_0089,None,2
1489019229566009395,di_ravello2,None,13
1489501832286965881,enzogod21939,None,1
1489857711775547532,dmzha_,None,3
927421706484731904,arc_shieon,None,2
1490015622501765190,wesmani,None,6
1393550328657477726,maly_230,None,3
1079086821583110205,your_comrade2,None,19
1397791228732375070,in2cnb,None,3
659888985459392513,mandavr_02,None,23
1416657151069392979,cashlesspow,None,1
1490163456588910734,savenwshere,None,14
1227631424266309693,spud_13,None,34
1327829160705658880,alabelasakamale_69407,None,25
1489952438730363000,enzogod3244,None,1
1263937176538972253,wrodexx,None,5
1329789275985805373,corupbopnzs,None,7
1277310413708595344,zoroyobro_24529,None,3
909451429427695626,helloimdoris,None,717
1479459138252705978,routingain,None,2
903408323414622210,numberonebozo_,None,2
1389283471750594650,percytankehg_85484,None,6
1405879363261431838,samad250969,None,60
1278674128676585525,aj05651,None,6
1388585986782400552,hangugeoreulgusahalsu,None,162
644652557955760132,silver79,None,2
1231346720961462293,generalrzali,None,12
1491001445036589067,enzogod2026,None,1482
1487665006290931813,stormtruppin19_16,None,73
1330882480508637277,bio_egggg,None,2
1083185645498945596,star_hw,None,1
1479978165790048416,mariluvgoldflowerz_87691,None,25
1429467456476414055,chuckycheese111._04246,None,15
1339770892758024253,mitisoki_mitsubishi_57812,None,3
1491747873170395206,frost055476,None,2
1358459183535620099,emmanuel_bigmac,None,1
1167566495577018432,walter_isblack,None,11
95681864274018304,fonzy,None,5
1011842021901746277,redv1vius,None,21
1377266832498626660,999gamble,None,18
1233733276347400192,amariliabxbs,None,36
1454249854191669412,gingerbeer29_43099,None,1
1365005676212125748,drg96rbo,None,75
1422141896284831795,rosiefnoob,None,2
1439262186253058079,zerayuki_flux,None,364
1249248081200025618,bendyvr_,None,2
1487517175102181622,riansu19_43187,None,9
358658799453732865,puppy.boiii,None,3
1179085856737333270,crownty1,None,3
1010065407366926387,sh6tbyn7mo,None,1
1492447833800966186,oceanguardnavy_69438,None,5
1216297152993693758,obliteration199,None,1
937933153690075177,cobrajhozard2404,None,44
987567555751325726,sugar0363,None,6
445180438013804544,itiszudo,None,1
1366174998448046171,gamerfoody,None,14
864074839215570945,shiggy1111,None,1
1065761207765717123,captain_noobs,None,1
1484410893432258710,juhsuah._01703,None,3
933353422244151327,carlos_an2010,None,1
1256374817477623839,jjenbiii,None,17
1105559680484380712,dybala_venum,None,1
1348448457303654501,_ocetico,None,4
1490526069185314816,the_nkz0,None,7
1250204951066706047,haruzoka___,None,126
1432065923883204698,itsyofunnyasfkk,None,6
897827795818934332,eu_amo_taxas,None,11
1419312595986550909,lovezhang.,None,1
1126765149236232212,sienna283_,None,1802
599237299678609413,camel209,None,3
1491028793152770179,coralminer,None,20
1478044645702373541,lazed.straw,None,104
1135971870252994560,lorenzodocpm,None,2
810236470647848990,kitihey,None,2
756653394479022131,eranroda,None,6
618452958920835072,kurenaikurumi,None,2
1065271791976718368,randomguy245_,None,1
885130397460103188,acid_raptor,None,4
1464467746854015082,snowking02921,None,17
1493293554267848734,yugilian,None,6
1185094157451137107,capta1nfd,None,1
1117756450907885619,.serrated_mind.,None,10
1345806072300048426,barely_present,None,3
1124889707386515538,afgsnipuh,None,1
1374450189024100469,um_ymek,None,8
1492020100423745660,rangoo314,None,2
1213896486929039403,maxlighting1826_91484,None,17
1326238875101691905,ttc_dp2.,None,105
1493714680491806870,802908.,None,1
1462231399544393823,ensu0476,None,5
1492817713297489970,voyzoya,None,6
1108109145183355050,hazza33a,None,3
1485244268015517768,oasis_zurez,None,19
1398996936937177249,atenxial.,None,2
1436436322888847543,lol0400,None,1
1494943311180337285,fienchigga,None,803
1013062588558491709,poyraz43,None,96
1494756747343298811,nicox_123,None,1
1485303662057099388,prototype_t10,None,2
774295986645631006,idk_f.l,None,2
1371950541860769924,jairajboss12340,None,12
705124207331115028,atumalaka4236,None,2
380233514936827904,gypsy779977,None,1
1495207634079453267,jairajboss123400,None,73
1485319043228631122,edawgcvc,None,90
920566237434613770,zacchh11.,None,2
992481728134381649,moex15,None,1
1434185755151831162,thefirsrayer,None,2
1469720629057163376,angelin_1841_19548,None,1
1488182802452185260,tenixpie,None,2
921418398372593664,sh0wer_shitter,None,247
1438206274121629838,touhoulover67,None,2
1496100057290637332,bigdonutalt.,None,37
1327989531873509460,doska_123,None,13
1488588812773888171,bossmans_chicken_shop,None,5
1496178931429277746,stars081209,None,1
1496256218870845620,mpulse3,None,1
970134755091841025,63kcomet,None,2
1148044772959862787,foxythehunter24,None,2
662471946298064906,cameoutofwhat,None,1
1389518800134864997,dzz_y,None,1
1496493403658260490,vayceee,None,2
1231694672175304717,matteoisyourdadlmao,None,46
1450301400927043624,pianka_marshmallow,None,160
740973521911677018,vanthegameingman,None,6
800670209572339733,ndv2holder,None,140
1456760478197092520,ilijakompp,None,2
937399384918855681,ul_terminator,None,2
1497246872832708871,bigdonutalt2,None,25
940779487094788166,kero2621,None,3
1457207479971745801,6eserk,None,41
872639975173279804,travel9641,None,6
1484207644184150148,ilovemaxverstapen30,None,1
1104113627507728424,gokusupersan977,None,48
944900447980900382,demidemon1234567890,None,3
826891665586520086,marti282mn,None,1
1463241204669092021,fragile010,None,117
1439313870408777979,drelmoss_12,None,2
1457427153489498125,neccowafer_14597,None,5
1241470113459339316,aseverythingatonce,None,16
1410627812020453478,karaburlyk,None,8
1477353278395383808,neroauaugustus,None,15
1431818886319439992,thedarkend1,None,3
549802530138357761,tadrin.,None,7
1377201327200931890,caing5150,None,19
1167355181126664253,hans_arnim,None,9
1162763442793488475,rouletabijn2,None,6
1378631715249193092,eggefant02,None,5
1497774855506890873,kelradrez_hemorrhoids,None,92
1011739439443214387,tealion11,None,7
971785059759714444,ghosty4807,None,6
707554968646975538,wyrben,None,1
1404638080811663431,lgbbq_100,None,37
720340830157799427,poutine_man,None,32
1302834166320201812,jejejejejejejejeje200,None,12
456189989722652672,the_spaghet,None,9
1498139558120919091,43_iso,Blue,53
1489513051911884891,province41,None,3
1266734926582251611,just.a.stupid.stupid.boy,None,2
1193272323676061827,shhhhhhheijebdoe,None,3
782253794141667358,justra.1,None,20
1498386364318617821,mommymoroccan_56330,None,95
1186456973533794354,melnik0119,None,22
794937177355583558,t3rm1na1or,None,13
1338908808663142510,jebry_247,None,1
1182915564549709884,somelegoenjoyer,None,1
1284748981577973794,gabihorus5,None,1
1333328740402331693,mrbeast08602,None,2
1344584499006148630,fourtytwoisthepower_50407,None,3
1342826744679501885,wowthatcatiscute_55246,None,1
1399324347755139114,swisscheeseguy7,None,2
1348362729655898233,pilotesport,None,2
1280278302942302222,yurisigma2_24150,None,1
1005775361218445382,daiwyn021,None,1
1361402522568233111,datguy0001.,None,1
1442533596710830205,rain033317,None,1
1124165923624988702,kira_lemans,None,2
814310163146211338,lordvader092,None,2
1444256862110220368,alexbriggs_17923,None,4
1444349934961823917,ghtfgh_14882,None,3
1450637236939788351,el_calogero,None,1
998283598090223727,windster02,None,1
1451923784495005722,josh055819,None,2
1459256352315539653,william036551,None,1
1414193052213313576,necko0766,None,2
1413264383462604851,anonimo0867.,None,1
1364580405277102145,morba0637,None,1
1304152432162635919,jules023.,None,1
1197717515862806538,minty_blokey,None,1
1386451077234298921,eorodriguesaurudo,None,1
1093986989830840404,cockroachnessa,None,2
547868853900804147,brody_redacted,None,2
1459117659827212375,ndvholder,None,2
508346358491774977,hakurtcocaine,None,2
1080597377532047531,tonyymendarez,None,3
1120765539703328819,cockroachmason,None,2
1241241677553995849,nulla5,None,1
964353235693469736,humanperson5422,None,2
262572876203294730,deathseffect,None,1
1229461086156095598,hericfcm,None,1
